{
	"questionnaire_referee_consent_msg": {
		"title_en": "",
		"title_fr": "",
		"text_en": "I confirm that the information provided above is complete, true and correct to the best of my knowledge and belief.",
		"text_fr": "Je certifie que les informations fournies ci-dessus sont, à ma connaissance, complètes, authentiques et exactes."
	},
	"references_consent_msg": {
		"title_en": "",
		"title_fr": "",
		"text_en": "I {{candidate_full_name}} authorize {{company_name}} and its agents to conduct an investigation in-depth on my work history. I authorize a {{company_name}} representative to contact the references I have provided to verify the information contained in my resume and obtained during the interview questions. I understand that the purpose of collecting this information is to assess the suitability of my application for {{company_name}}'s position with this company and that such information will be kept confidential. Information provided in good faith.",
		"text_fr": "Moi, {{candidat_nom_full}} autorise {{nom_de_la_compagnie}} ainsi que ses agents à effectuer une enquête  approfondie sur mes antécédents professionnels. J'autorise un représentant de l'entreprise {{nom_de_la_compagnie}} de contacter les références que j'ai fournies pour vérifier les renseignements présents dans mon curriculum vitae et obtenus durant les questions d'entrevue. Je comprends que la collecte de ces renseignements vise à évaluer la pertinence de ma candidature pour le poste à pourvoir de {{nom_de_la_compagnie}} au sein de cette entreprise, et qu'une telle information demeurera confidentielle. Renseignements fournis de bonne foi."
	}

}
